Generation,Honest,Corrupt,OptimisticCooperator,PrudentCooperator,OptimisticDefector,PrudentDefector,Completion
0,1,0,0,0,1,0,0%
100,0.64,0.36,0.042,0.03,0.904,0.024,0.1%
200,0.56,0.44,0.036,0.056,0.888,0.02,0.2%
300,0.61,0.39,0.028,0.012,0.946,0.014,0.3%
400,0.37,0.63,0.05,0.022,0.904,0.024,0.4%
500,0.44,0.56,0.012,0.022,0.942,0.024,0.5%
600,0.62,0.38,0.044,0.038,0.908,0.01,0.6%
700,0.45,0.55,0.034,0.004,0.938,0.024,0.7%
800,0.6,0.4,0.016,0.02,0.916,0.048,0.8%
900,0.56,0.44,0.052,0.032,0.896,0.02,0.9%
1000,0.66,0.34,0.044,0.028,0.898,0.03,1%
1100,0.45,0.55,0.03,0.03,0.918,0.022,1.1%
1200,0.48,0.52,0.012,0.028,0.942,0.018,1.2%
1300,0.34,0.66,0.028,0.028,0.926,0.018,1.3%
1400,0.56,0.44,0.042,0.034,0.908,0.016,1.4%
1500,0.54,0.46,0.014,0.058,0.892,0.036,1.5%
1600,0.59,0.41,0.034,0.04,0.918,0.008,1.6%
1700,0.59,0.41,0.04,0.044,0.86,0.056,1.7%
1800,0.39,0.61,0.012,0.012,0.902,0.074,1.8%
1900,0.77,0.23,0.026,0.034,0.91,0.03,1.9%
2000,0.27,0.73,0.052,0.062,0.808,0.078,2%
2100,0.42,0.58,0.012,0.046,0.906,0.036,2.1%
2200,0.61,0.39,0.02,0.008,0.928,0.044,2.2%
2300,0.55,0.45,0.024,0.02,0.934,0.022,2.3%
2400,0.55,0.45,0.014,0.016,0.946,0.024,2.4%
2500,0.65,0.35,0.044,0.024,0.896,0.036,2.5%
2600,0.4,0.6,0.07,0.016,0.872,0.042,2.6%
2700,0.57,0.43,0.036,0.014,0.912,0.038,2.7%
2800,0.69,0.31,0.034,0.022,0.916,0.028,2.8%
2900,0.53,0.47,0.02,0.016,0.95,0.014,2.9%
3000,0.68,0.32,0.032,0.032,0.924,0.012,3%
3100,0.47,0.53,0.052,0.068,0.852,0.028,3.1%
3200,0.47,0.53,0.072,0.026,0.886,0.016,3.2%
3300,0.43,0.57,0.052,0.05,0.89,0.008,3.3%
3400,0.72,0.28,0.032,0.01,0.946,0.012,3.4%
3500,0.5,0.5,0.044,0.028,0.914,0.014,3.5%
3600,0.49,0.51,0.012,0.014,0.938,0.036,3.6%
3700,0.42,0.58,0.028,0.026,0.926,0.02,3.7%
3800,0.51,0.49,0.034,0.022,0.922,0.022,3.8%
3900,0.73,0.27,0.022,0.006,0.956,0.016,3.9%
4000,0.56,0.44,0.02,0.024,0.924,0.032,4%
4100,0.3,0.7,0.024,0.018,0.94,0.018,4.1%
4200,0.41,0.59,0.028,0.032,0.932,0.008,4.2%
4300,0.47,0.53,0.02,0.028,0.926,0.026,4.3%
4400,0.51,0.49,0.016,0.032,0.914,0.038,4.4%
4500,0.55,0.45,0.022,0.04,0.914,0.024,4.5%
4600,0.37,0.63,0.012,0.03,0.944,0.014,4.6%
4700,0.57,0.43,0.014,0.056,0.916,0.014,4.7%
4800,0.45,0.55,0.006,0.012,0.974,0.008,4.8%
4900,0.67,0.33,0.014,0.032,0.922,0.032,4.9%
5000,0.45,0.55,0.008,0.022,0.958,0.012,5%
5100,0.59,0.41,0.034,0.028,0.906,0.032,5.1%
5200,0.57,0.43,0.02,0.04,0.902,0.038,5.2%
5300,0.53,0.47,0.022,0.05,0.89,0.038,5.3%
5400,0.61,0.39,0.01,0.014,0.944,0.032,5.4%
5500,0.46,0.54,0.006,0.01,0.884,0.1,5.5%
5600,0.53,0.47,0.042,0.014,0.914,0.03,5.6%
5700,0.59,0.41,0.03,0.014,0.948,0.008,5.7%
5800,0.32,0.68,0.036,0.04,0.91,0.014,5.8%
5900,0.44,0.56,0.086,0.034,0.852,0.028,5.9%
6000,0.59,0.41,0.026,0.034,0.916,0.024,6%
6100,0.49,0.51,0.008,0.044,0.926,0.022,6.1%
6200,0.39,0.61,0.046,0.04,0.886,0.028,6.2%
6300,0.54,0.46,0.016,0.034,0.906,0.044,6.3%
6400,0.52,0.48,0.046,0.004,0.92,0.03,6.4%
6500,0.48,0.52,0.004,0.012,0.954,0.03,6.5%
6600,0.68,0.32,0.036,0.016,0.912,0.036,6.6%
6700,0.54,0.46,0.04,0.036,0.922,0.002,6.7%
6800,0.42,0.58,0.042,0.026,0.89,0.042,6.8%
6900,0.43,0.57,0.038,0.036,0.864,0.062,6.9%
7000,0.45,0.55,0.022,0.032,0.93,0.016,7%
7100,0.75,0.25,0.058,0.018,0.912,0.012,7.1%
7200,0.47,0.53,0.024,0.006,0.952,0.018,7.2%
7300,0.42,0.58,0.028,0.044,0.922,0.006,7.3%
7400,0.64,0.36,0.016,0.03,0.93,0.024,7.4%
7500,0.75,0.25,0.034,0.024,0.91,0.032,7.5%
7600,0.6,0.4,0.028,0.03,0.924,0.018,7.6%
7700,0.65,0.35,0.022,0.016,0.96,0.002,7.7%
7800,0.36,0.64,0.016,0.058,0.894,0.032,7.8%
7900,0.68,0.32,0.034,0.022,0.886,0.058,7.9%
8000,0.65,0.35,0.006,0.04,0.946,0.008,8%
8100,0.52,0.48,0.012,0.004,0.972,0.012,8.1%
8200,0.57,0.43,0.02,0.012,0.96,0.008,8.2%
8300,0.53,0.47,0.018,0.032,0.92,0.03,8.3%
8400,0.64,0.36,0.014,0.046,0.914,0.026,8.4%
8500,0.65,0.35,0.034,0.01,0.922,0.034,8.5%
8600,0.51,0.49,0.024,0.03,0.912,0.034,8.6%
8700,0.66,0.34,0.042,0.024,0.914,0.02,8.7%
8800,0.32,0.68,0.018,0.034,0.94,0.008,8.8%
8900,0.54,0.46,0.018,0.01,0.964,0.008,8.9%
9000,0.47,0.53,0.026,0.024,0.92,0.03,9%
9100,0.38,0.62,0.034,0.022,0.886,0.058,9.1%
9200,0.51,0.49,0.034,0.008,0.928,0.03,9.2%
9300,0.49,0.51,0.032,0.04,0.894,0.034,9.3%
9400,0.56,0.44,0.018,0.024,0.918,0.04,9.4%
9500,0.48,0.52,0.01,0.072,0.864,0.054,9.5%
9600,0.3,0.7,0.022,0.062,0.87,0.046,9.6%
9700,0.7,0.3,0.046,0.046,0.892,0.016,9.7%
9800,0.7,0.3,0.026,0.024,0.94,0.01,9.8%
9900,0.42,0.58,0.036,0.028,0.89,0.046,9.9%
10000,0.46,0.54,0.01,0.01,0.956,0.024,10%
10100,0.6,0.4,0.018,0.02,0.95,0.012,10.1%
10200,0.59,0.41,0.034,0,0.966,0,10.2%
10300,0.5,0.5,0.01,0.032,0.934,0.024,10.3%
10400,0.5,0.5,0.04,0.03,0.89,0.04,10.4%
10500,0.67,0.33,0.064,0.006,0.894,0.036,10.5%
10600,0.62,0.38,0.02,0.02,0.918,0.042,10.6%
10700,0.34,0.66,0.026,0.016,0.954,0.004,10.7%
10800,0.49,0.51,0.028,0.022,0.934,0.016,10.8%
10900,0.42,0.58,0.058,0.02,0.872,0.05,10.9%
11000,0.41,0.59,0.028,0.01,0.932,0.03,11%
11100,0.54,0.46,0.014,0.014,0.952,0.02,11.1%
11200,0.62,0.38,0.028,0.026,0.888,0.058,11.2%
11300,0.43,0.57,0.028,0.014,0.938,0.02,11.3%
11400,0.71,0.29,0.008,0.014,0.95,0.028,11.4%
11500,0.69,0.31,0.054,0.036,0.906,0.004,11.5%
11600,0.54,0.46,0.02,0.046,0.896,0.038,11.6%
11700,0.54,0.46,0.022,0.01,0.916,0.052,11.7%
11800,0.54,0.46,0.008,0.022,0.942,0.028,11.8%
11900,0.56,0.44,0.014,0.044,0.928,0.014,11.9%
12000,0.65,0.35,0.01,0.016,0.942,0.032,12%
12100,0.54,0.46,0.048,0.01,0.886,0.056,12.1%
12200,0.54,0.46,0.072,0.016,0.896,0.016,12.2%
12300,0.46,0.54,0.036,0.032,0.89,0.042,12.3%
12400,0.47,0.53,0.024,0.022,0.918,0.036,12.4%
12500,0.54,0.46,0.02,0.056,0.912,0.012,12.5%
12600,0.63,0.37,0.042,0.02,0.92,0.018,12.6%
12700,0.56,0.44,0.014,0.05,0.904,0.032,12.7%
12800,0.51,0.49,0.028,0.018,0.894,0.06,12.8%
12900,0.5,0.5,0.038,0.028,0.906,0.028,12.9%
13000,0.55,0.45,0.028,0.038,0.912,0.022,13%
13100,0.51,0.49,0.012,0.024,0.942,0.022,13.1%
13200,0.43,0.57,0.016,0.036,0.928,0.02,13.2%
13300,0.6,0.4,0.022,0.016,0.932,0.03,13.3%
13400,0.51,0.49,0.028,0.028,0.936,0.008,13.4%
13500,0.57,0.43,0.02,0.038,0.89,0.052,13.5%
13600,0.42,0.58,0.022,0.024,0.93,0.024,13.6%
13700,0.58,0.42,0.012,0.038,0.924,0.026,13.7%
13800,0.33,0.67,0.042,0.064,0.826,0.068,13.8%
13900,0.47,0.53,0.024,0.03,0.916,0.03,13.9%
14000,0.42,0.58,0.02,0.028,0.932,0.02,14%
14100,0.66,0.34,0.022,0.014,0.926,0.038,14.1%
14200,0.31,0.69,0.016,0.012,0.948,0.024,14.2%
14300,0.61,0.39,0.014,0.042,0.894,0.05,14.3%
14400,0.55,0.45,0.016,0.026,0.956,0.002,14.4%
14500,0.46,0.54,0.02,0.064,0.914,0.002,14.5%
14600,0.46,0.54,0.016,0.042,0.926,0.016,14.6%
14700,0.41,0.59,0.062,0.016,0.894,0.028,14.7%
14800,0.66,0.34,0.014,0.008,0.954,0.024,14.8%
14900,0.73,0.27,0.016,0.03,0.94,0.014,14.9%
15000,0.25,0.75,0.04,0.046,0.892,0.022,15%
15100,0.61,0.39,0.006,0.02,0.922,0.052,15.1%
15200,0.66,0.34,0.026,0.036,0.908,0.03,15.2%
15300,0.66,0.34,0.038,0.02,0.932,0.01,15.3%
15400,0.57,0.43,0.012,0.008,0.95,0.03,15.4%
15500,0.65,0.35,0.032,0.038,0.858,0.072,15.5%
15600,0.32,0.68,0.052,0.052,0.878,0.018,15.6%
15700,0.48,0.52,0.036,0.026,0.904,0.034,15.7%
15800,0.51,0.49,0.012,0.02,0.95,0.018,15.8%
15900,0.47,0.53,0.02,0.016,0.918,0.046,15.9%
16000,0.5,0.5,0.048,0.024,0.878,0.05,16%
16100,0.58,0.42,0.012,0.032,0.92,0.036,16.1%
16200,0.51,0.49,0.006,0.034,0.936,0.024,16.2%
16300,0.69,0.31,0.01,0.01,0.934,0.046,16.3%
16400,0.47,0.53,0.03,0.012,0.92,0.038,16.4%
16500,0.43,0.57,0.034,0.008,0.938,0.02,16.5%
16600,0.49,0.51,0.01,0.04,0.926,0.024,16.6%
16700,0.4,0.6,0.038,0.022,0.908,0.032,16.7%
16800,0.55,0.45,0.02,0.016,0.95,0.014,16.8%
16900,0.72,0.28,0.032,0.024,0.93,0.014,16.9%
17000,0.53,0.47,0.062,0.006,0.892,0.04,17%
17100,0.52,0.48,0.026,0.028,0.888,0.058,17.1%
17200,0.43,0.57,0.034,0.022,0.918,0.026,17.2%
17300,0.56,0.44,0.032,0.08,0.85,0.038,17.3%
17400,0.37,0.63,0.016,0.04,0.912,0.032,17.4%
17500,0.45,0.55,0.004,0.018,0.92,0.058,17.5%
17600,0.39,0.61,0.028,0.024,0.922,0.026,17.6%
17700,0.53,0.47,0.006,0.042,0.926,0.026,17.7%
17800,0.38,0.62,0.028,0.02,0.936,0.016,17.8%
17900,0.56,0.44,0.048,0.002,0.938,0.012,17.9%
18000,0.48,0.52,0.078,0.038,0.876,0.008,18%
18100,0.42,0.58,0.01,0.022,0.928,0.04,18.1%
18200,0.66,0.34,0.028,0.034,0.91,0.028,18.2%
18300,0.47,0.53,0.04,0.012,0.92,0.028,18.3%
18400,0.74,0.26,0.018,0.01,0.962,0.01,18.4%
18500,0.39,0.61,0.022,0.03,0.88,0.068,18.5%
18600,0.6,0.4,0.044,0.01,0.912,0.034,18.6%
18700,0.61,0.39,0.024,0.038,0.894,0.044,18.7%
18800,0.55,0.45,0.026,0.012,0.956,0.006,18.8%
18900,0.61,0.39,0.012,0.026,0.952,0.01,18.9%
19000,0.52,0.48,0.036,0.016,0.924,0.024,19%
19100,0.39,0.61,0.018,0.022,0.944,0.016,19.1%
19200,0.57,0.43,0.038,0.022,0.932,0.008,19.2%
19300,0.52,0.48,0.03,0.028,0.928,0.014,19.3%
19400,0.64,0.36,0.024,0.022,0.914,0.04,19.4%
19500,0.37,0.63,0.042,0.05,0.902,0.006,19.5%
19600,0.41,0.59,0.028,0.022,0.936,0.014,19.6%
19700,0.4,0.6,0.046,0.024,0.908,0.022,19.7%
19800,0.59,0.41,0.02,0.026,0.91,0.044,19.8%
19900,0.62,0.38,0.026,0.028,0.924,0.022,19.9%
20000,0.46,0.54,0.032,0.024,0.898,0.046,20%
20100,0.42,0.58,0.026,0.024,0.918,0.032,20.1%
20200,0.57,0.43,0.012,0.048,0.894,0.046,20.2%
20300,0.45,0.55,0.026,0.034,0.918,0.022,20.3%
20400,0.41,0.59,0.034,0.016,0.886,0.064,20.4%
20500,0.71,0.29,0.028,0.03,0.9,0.042,20.5%
20600,0.51,0.49,0.048,0.03,0.89,0.032,20.6%
20700,0.68,0.32,0.018,0.034,0.94,0.008,20.7%
20800,0.26,0.74,0.026,0.014,0.928,0.032,20.8%
20900,0.36,0.64,0.046,0.018,0.87,0.066,20.9%
21000,0.52,0.48,0.022,0.03,0.912,0.036,21%
21100,0.59,0.41,0.024,0.014,0.92,0.042,21.1%
21200,0.56,0.44,0.008,0.016,0.94,0.036,21.2%
21300,0.51,0.49,0.022,0.02,0.914,0.044,21.3%
21400,0.61,0.39,0.054,0.01,0.932,0.004,21.4%
21500,0.5,0.5,0.01,0.004,0.954,0.032,21.5%
21600,0.54,0.46,0.014,0.024,0.934,0.028,21.6%
21700,0.48,0.52,0.032,0.016,0.932,0.02,21.7%
21800,0.56,0.44,0.016,0.012,0.966,0.006,21.8%
21900,0.46,0.54,0.018,0.02,0.946,0.016,21.9%
22000,0.41,0.59,0.02,0.014,0.948,0.018,22%
22100,0.42,0.58,0.04,0.032,0.874,0.054,22.1%
22200,0.65,0.35,0.008,0.044,0.928,0.02,22.2%
22300,0.55,0.45,0.028,0.014,0.946,0.012,22.3%
22400,0.47,0.53,0.012,0.024,0.946,0.018,22.4%
22500,0.8,0.2,0.012,0.03,0.914,0.044,22.5%
22600,0.32,0.68,0.008,0.032,0.946,0.014,22.6%
22700,0.71,0.29,0.018,0.022,0.936,0.024,22.7%
22800,0.64,0.36,0.028,0.024,0.938,0.01,22.8%
22900,0.57,0.43,0.016,0.032,0.92,0.032,22.9%
23000,0.58,0.42,0.034,0.012,0.916,0.038,23%
23100,0.38,0.62,0.042,0.018,0.928,0.012,23.1%
23200,0.4,0.6,0.008,0.032,0.94,0.02,23.2%
23300,0.46,0.54,0.032,0.046,0.914,0.008,23.3%
23400,0.42,0.58,0.042,0.022,0.884,0.052,23.4%
23500,0.59,0.41,0.034,0.058,0.89,0.018,23.5%
23600,0.58,0.42,0.026,0.038,0.91,0.026,23.6%
23700,0.52,0.48,0.016,0.016,0.962,0.006,23.7%
23800,0.67,0.33,0.05,0.01,0.93,0.01,23.8%
23900,0.57,0.43,0.064,0.024,0.89,0.022,23.9%
24000,0.64,0.36,0.02,0.014,0.94,0.026,24%
24100,0.37,0.63,0.044,0.004,0.934,0.018,24.1%
24200,0.57,0.43,0.014,0.026,0.938,0.022,24.2%
24300,0.58,0.42,0.02,0.036,0.904,0.04,24.3%
24400,0.69,0.31,0.014,0.018,0.942,0.026,24.4%
24500,0.61,0.39,0.044,0.016,0.894,0.046,24.5%
24600,0.45,0.55,0.054,0.022,0.91,0.014,24.6%
24700,0.51,0.49,0.032,0.02,0.936,0.012,24.7%
24800,0.6,0.4,0.05,0.018,0.896,0.036,24.8%
24900,0.46,0.54,0.034,0.024,0.9,0.042,24.9%
25000,0.37,0.63,0.024,0.028,0.932,0.016,25%
25100,0.61,0.39,0.016,0.016,0.916,0.052,25.1%
25200,0.48,0.52,0.016,0.016,0.924,0.044,25.2%
25300,0.71,0.29,0.022,0.022,0.91,0.046,25.3%
25400,0.47,0.53,0.036,0.024,0.914,0.026,25.4%
25500,0.42,0.58,0.016,0.032,0.922,0.03,25.5%
25600,0.7,0.3,0.02,0.03,0.938,0.012,25.6%
25700,0.44,0.56,0.012,0.02,0.94,0.028,25.7%
25800,0.43,0.57,0.034,0.034,0.91,0.022,25.8%
25900,0.43,0.57,0.036,0.042,0.9,0.022,25.9%
26000,0.68,0.32,0.002,0.016,0.958,0.024,26%
26100,0.34,0.66,0.026,0.03,0.912,0.032,26.1%
26200,0.53,0.47,0.06,0.026,0.902,0.012,26.2%
26300,0.56,0.44,0.066,0.016,0.892,0.026,26.3%
26400,0.44,0.56,0.036,0.012,0.938,0.014,26.4%
26500,0.49,0.51,0.038,0.016,0.892,0.054,26.5%
26600,0.57,0.43,0.014,0.022,0.914,0.05,26.6%
26700,0.4,0.6,0.012,0.02,0.936,0.032,26.7%
26800,0.33,0.67,0.008,0.108,0.842,0.042,26.8%
26900,0.59,0.41,0.024,0.048,0.894,0.034,26.9%
27000,0.58,0.42,0.018,0.038,0.922,0.022,27%
27100,0.76,0.24,0.052,0.026,0.898,0.024,27.1%
27200,0.56,0.44,0.05,0.03,0.91,0.01,27.2%
27300,0.53,0.47,0.038,0.01,0.942,0.01,27.3%
27400,0.6,0.4,0.022,0.04,0.924,0.014,27.4%
27500,0.43,0.57,0.028,0.054,0.892,0.026,27.5%
27600,0.51,0.49,0.014,0.03,0.922,0.034,27.6%
27700,0.68,0.32,0.018,0.008,0.946,0.028,27.7%
27800,0.44,0.56,0.026,0.01,0.95,0.014,27.8%
27900,0.32,0.68,0.044,0.044,0.892,0.02,27.9%
28000,0.43,0.57,0.02,0.066,0.882,0.032,28%
28100,0.51,0.49,0.024,0.02,0.94,0.016,28.1%
28200,0.56,0.44,0.036,0.028,0.886,0.05,28.2%
28300,0.26,0.74,0.022,0.014,0.918,0.046,28.3%
28400,0.6,0.4,0.042,0.032,0.88,0.046,28.4%
28500,0.49,0.51,0.026,0.018,0.902,0.054,28.5%
28600,0.55,0.45,0.034,0.026,0.908,0.032,28.6%
28700,0.67,0.33,0.034,0.016,0.894,0.056,28.7%
28800,0.57,0.43,0.018,0.056,0.876,0.05,28.8%
28900,0.53,0.47,0.034,0.038,0.878,0.05,28.9%
29000,0.47,0.53,0.016,0.034,0.922,0.028,29%
29100,0.5,0.5,0.026,0.068,0.882,0.024,29.1%
29200,0.61,0.39,0.012,0.026,0.928,0.034,29.2%
29300,0.57,0.43,0.08,0.042,0.866,0.012,29.3%
29400,0.6,0.4,0.018,0.012,0.952,0.018,29.4%
29500,0.41,0.59,0.042,0.02,0.902,0.036,29.5%
29600,0.45,0.55,0.05,0.032,0.888,0.03,29.6%
29700,0.59,0.41,0.016,0.012,0.968,0.004,29.7%
29800,0.59,0.41,0.03,0.042,0.916,0.012,29.8%
29900,0.36,0.64,0.018,0.028,0.896,0.058,29.9%
30000,0.53,0.47,0.038,0.064,0.87,0.028,30%
30100,0.45,0.55,0.036,0.012,0.952,0,30.1%
30200,0.52,0.48,0.062,0.018,0.88,0.04,30.2%
30300,0.62,0.38,0.036,0.006,0.944,0.014,30.3%
30400,0.61,0.39,0.046,0.04,0.884,0.03,30.4%
30500,0.67,0.33,0.028,0.02,0.932,0.02,30.5%
30600,0.54,0.46,0.028,0.014,0.936,0.022,30.6%
30700,0.54,0.46,0.01,0.018,0.958,0.014,30.7%
30800,0.49,0.51,0.01,0.014,0.956,0.02,30.8%
30900,0.41,0.59,0.028,0.006,0.912,0.054,30.9%
31000,0.53,0.47,0.018,0.008,0.954,0.02,31%
31100,0.66,0.34,0.008,0.024,0.916,0.052,31.1%
31200,0.34,0.66,0.022,0.018,0.94,0.02,31.2%
31300,0.55,0.45,0.026,0.056,0.888,0.03,31.3%
31400,0.66,0.34,0.018,0.038,0.924,0.02,31.4%
31500,0.63,0.37,0.028,0.02,0.95,0.002,31.5%
31600,0.43,0.57,0.016,0.056,0.91,0.018,31.6%
31700,0.57,0.43,0.034,0.022,0.926,0.018,31.7%
31800,0.67,0.33,0.004,0.018,0.956,0.022,31.8%
31900,0.6,0.4,0.008,0.04,0.936,0.016,31.9%
32000,0.57,0.43,0.032,0.008,0.912,0.048,32%
32100,0.51,0.49,0.03,0.024,0.906,0.04,32.1%
32200,0.33,0.67,0.018,0.03,0.934,0.018,32.2%
32300,0.69,0.31,0.006,0.068,0.896,0.03,32.3%
32400,0.62,0.38,0.03,0.054,0.912,0.004,32.4%
32500,0.51,0.49,0.038,0.086,0.836,0.04,32.5%
32600,0.35,0.65,0.018,0.022,0.936,0.024,32.6%
32700,0.62,0.38,0.012,0.036,0.942,0.01,32.7%
32800,0.42,0.58,0.016,0.008,0.958,0.018,32.8%
32900,0.57,0.43,0.028,0.018,0.924,0.03,32.9%
33000,0.32,0.68,0,0.046,0.928,0.026,33%
33100,0.57,0.43,0.03,0.018,0.92,0.032,33.1%
33200,0.4,0.6,0.01,0.02,0.934,0.036,33.2%
33300,0.66,0.34,0.036,0.016,0.932,0.016,33.3%
33400,0.51,0.49,0.014,0.044,0.922,0.02,33.4%
33500,0.51,0.49,0.026,0.018,0.944,0.012,33.5%
33600,0.34,0.66,0.024,0.048,0.854,0.074,33.6%
33700,0.59,0.41,0.042,0.028,0.926,0.004,33.7%
33800,0.58,0.42,0.018,0.054,0.918,0.01,33.8%
33900,0.25,0.75,0.006,0.024,0.928,0.042,33.9%
34000,0.7,0.3,0.064,0.034,0.87,0.032,34%
34100,0.3,0.7,0.018,0.044,0.906,0.032,34.1%
34200,0.59,0.41,0.004,0.026,0.932,0.038,34.2%
34300,0.7,0.3,0.014,0.028,0.944,0.014,34.3%
34400,0.55,0.45,0.022,0.06,0.886,0.032,34.4%
34500,0.55,0.45,0.014,0.022,0.954,0.01,34.5%
34600,0.42,0.58,0.014,0.052,0.898,0.036,34.6%
34700,0.43,0.57,0.02,0.028,0.942,0.01,34.7%
34800,0.62,0.38,0.022,0.082,0.882,0.014,34.8%
34900,0.7,0.3,0.014,0.056,0.914,0.016,34.9%
35000,0.33,0.67,0.026,0.042,0.922,0.01,35%
35100,0.6,0.4,0.022,0.014,0.926,0.038,35.1%
35200,0.58,0.42,0.032,0.022,0.918,0.028,35.2%
35300,0.5,0.5,0.024,0.024,0.938,0.014,35.3%
35400,0.67,0.33,0.02,0.002,0.956,0.022,35.4%
35500,0.44,0.56,0.026,0.034,0.906,0.034,35.5%
35600,0.48,0.52,0.016,0.018,0.938,0.028,35.6%
35700,0.43,0.57,0.012,0.028,0.92,0.04,35.7%
35800,0.4,0.6,0.024,0.014,0.944,0.018,35.8%
35900,0.59,0.41,0.096,0.036,0.842,0.026,35.9%
36000,0.6,0.4,0.028,0.066,0.852,0.054,36%
36100,0.42,0.58,0.026,0.03,0.93,0.014,36.1%
36200,0.65,0.35,0.02,0.01,0.946,0.024,36.2%
36300,0.53,0.47,0.018,0.122,0.824,0.036,36.3%
36400,0.51,0.49,0.028,0.032,0.91,0.03,36.4%
36500,0.48,0.52,0.018,0.028,0.936,0.018,36.5%
36600,0.4,0.6,0.028,0.032,0.922,0.018,36.6%
36700,0.43,0.57,0.02,0.01,0.928,0.042,36.7%
36800,0.59,0.41,0.03,0.016,0.928,0.026,36.8%
36900,0.54,0.46,0.012,0.026,0.936,0.026,36.9%
37000,0.53,0.47,0.022,0.03,0.918,0.03,37%
37100,0.41,0.59,0.028,0.01,0.95,0.012,37.1%
37200,0.59,0.41,0.01,0.036,0.93,0.024,37.2%
37300,0.54,0.46,0.042,0.006,0.928,0.024,37.3%
37400,0.5,0.5,0.028,0.012,0.936,0.024,37.4%
37500,0.45,0.55,0.102,0.04,0.814,0.044,37.5%
37600,0.46,0.54,0.028,0.028,0.93,0.014,37.6%
37700,0.49,0.51,0.03,0.016,0.932,0.022,37.7%
37800,0.41,0.59,0.036,0.01,0.914,0.04,37.8%
37900,0.47,0.53,0.024,0.014,0.958,0.004,37.9%
38000,0.56,0.44,0.02,0.02,0.934,0.026,38%
38100,0.63,0.37,0.01,0.024,0.95,0.016,38.1%
38200,0.5,0.5,0.02,0.056,0.902,0.022,38.2%
38300,0.56,0.44,0.018,0.032,0.94,0.01,38.3%
38400,0.48,0.52,0.022,0.02,0.942,0.016,38.4%
38500,0.42,0.58,0.02,0.02,0.922,0.038,38.5%
38600,0.54,0.46,0.034,0.02,0.846,0.1,38.6%
38700,0.58,0.42,0.008,0.036,0.918,0.038,38.7%
38800,0.34,0.66,0.038,0.028,0.918,0.016,38.8%
38900,0.3,0.7,0.032,0.028,0.924,0.016,38.9%
39000,0.48,0.52,0.014,0.016,0.906,0.064,39%
39100,0.53,0.47,0.018,0.036,0.94,0.006,39.1%
39200,0.61,0.39,0.006,0.034,0.946,0.014,39.2%
39300,0.62,0.38,0.016,0.026,0.934,0.024,39.3%
39400,0.45,0.55,0.004,0.012,0.97,0.014,39.4%
39500,0.64,0.36,0.022,0.02,0.942,0.016,39.5%
39600,0.56,0.44,0.014,0.012,0.946,0.028,39.6%
39700,0.4,0.6,0.03,0.048,0.904,0.018,39.7%
39800,0.55,0.45,0.022,0.03,0.94,0.008,39.8%
39900,0.47,0.53,0.032,0.044,0.878,0.046,39.9%
40000,0.64,0.36,0.026,0.028,0.912,0.034,40%
40100,0.53,0.47,0.018,0.026,0.932,0.024,40.1%
40200,0.59,0.41,0.044,0.04,0.864,0.052,40.2%
40300,0.67,0.33,0.032,0.03,0.916,0.022,40.3%
40400,0.57,0.43,0.004,0.018,0.936,0.042,40.4%
40500,0.5,0.5,0,0.022,0.958,0.02,40.5%
40600,0.58,0.42,0.016,0.034,0.916,0.034,40.6%
40700,0.48,0.52,0.026,0.034,0.924,0.016,40.7%
40800,0.52,0.48,0.026,0.01,0.932,0.032,40.8%
40900,0.56,0.44,0.018,0.03,0.922,0.03,40.9%
41000,0.61,0.39,0.036,0.032,0.89,0.042,41%
41100,0.55,0.45,0.028,0.002,0.948,0.022,41.1%
41200,0.65,0.35,0.034,0.02,0.936,0.01,41.2%
41300,0.39,0.61,0.012,0.01,0.958,0.02,41.3%
41400,0.44,0.56,0.018,0.018,0.926,0.038,41.4%
41500,0.51,0.49,0.042,0.03,0.9,0.028,41.5%
41600,0.54,0.46,0.032,0.038,0.91,0.02,41.6%
41700,0.73,0.27,0.046,0.038,0.908,0.008,41.7%
41800,0.35,0.65,0.014,0.018,0.924,0.044,41.8%
41900,0.46,0.54,0.028,0.006,0.874,0.092,41.9%
42000,0.47,0.53,0.016,0.044,0.922,0.018,42%
42100,0.27,0.73,0.026,0.034,0.924,0.016,42.1%
42200,0.42,0.58,0.03,0.028,0.902,0.04,42.2%
42300,0.56,0.44,0.026,0.03,0.914,0.03,42.3%
42400,0.68,0.32,0.028,0.016,0.94,0.016,42.4%
42500,0.5,0.5,0.058,0.026,0.91,0.006,42.5%
42600,0.73,0.27,0.052,0.028,0.906,0.014,42.6%
42700,0.65,0.35,0.026,0.02,0.92,0.034,42.7%
42800,0.5,0.5,0.04,0.034,0.902,0.024,42.8%
42900,0.53,0.47,0.032,0.01,0.942,0.016,42.9%
43000,0.31,0.69,0.036,0.03,0.908,0.026,43%
43100,0.51,0.49,0.018,0.032,0.904,0.046,43.1%
43200,0.33,0.67,0.028,0.022,0.934,0.016,43.2%
43300,0.52,0.48,0.034,0.02,0.928,0.018,43.3%
43400,0.32,0.68,0.032,0.044,0.916,0.008,43.4%
43500,0.52,0.48,0.028,0.016,0.932,0.024,43.5%
43600,0.25,0.75,0.03,0.012,0.938,0.02,43.6%
43700,0.48,0.52,0.008,0.034,0.91,0.048,43.7%
43800,0.6,0.4,0.026,0.018,0.898,0.058,43.8%
43900,0.44,0.56,0.024,0.048,0.922,0.006,43.9%
44000,0.53,0.47,0.012,0.012,0.952,0.024,44%
44100,0.48,0.52,0.028,0.07,0.88,0.022,44.1%
44200,0.46,0.54,0.034,0.012,0.884,0.07,44.2%
44300,0.46,0.54,0.072,0.074,0.804,0.05,44.3%
44400,0.63,0.37,0.022,0.016,0.936,0.026,44.4%
44500,0.58,0.42,0.01,0.022,0.956,0.012,44.5%
44600,0.47,0.53,0.044,0.04,0.874,0.042,44.6%
44700,0.41,0.59,0.018,0.034,0.922,0.026,44.7%
44800,0.55,0.45,0.04,0.024,0.908,0.028,44.8%
44900,0.6,0.4,0.014,0.008,0.954,0.024,44.9%
45000,0.58,0.42,0.038,0.036,0.908,0.018,45%
45100,0.58,0.42,0.022,0.008,0.93,0.04,45.1%
45200,0.5,0.5,0.028,0.014,0.926,0.032,45.2%
45300,0.69,0.31,0.006,0.026,0.922,0.046,45.3%
45400,0.75,0.25,0.034,0.042,0.882,0.042,45.4%
45500,0.61,0.39,0.014,0.024,0.95,0.012,45.5%
45600,0.49,0.51,0.02,0.026,0.886,0.068,45.6%
45700,0.69,0.31,0.056,0.03,0.886,0.028,45.7%
45800,0.44,0.56,0.026,0.034,0.88,0.06,45.8%
45900,0.39,0.61,0.044,0.016,0.896,0.044,45.9%
46000,0.37,0.63,0.014,0.032,0.938,0.016,46%
46100,0.41,0.59,0.022,0.036,0.926,0.016,46.1%
46200,0.46,0.54,0.034,0.046,0.91,0.01,46.2%
46300,0.63,0.37,0.012,0.026,0.926,0.036,46.3%
46400,0.63,0.37,0.014,0.014,0.94,0.032,46.4%
46500,0.44,0.56,0.074,0.012,0.884,0.03,46.5%
46600,0.53,0.47,0.05,0.056,0.872,0.022,46.6%
46700,0.77,0.23,0.006,0.016,0.948,0.03,46.7%
46800,0.53,0.47,0.028,0.01,0.932,0.03,46.8%
46900,0.43,0.57,0.016,0.024,0.918,0.042,46.9%
47000,0.44,0.56,0.026,0.012,0.924,0.038,47%
47100,0.52,0.48,0.02,0.046,0.888,0.046,47.1%
47200,0.5,0.5,0.02,0.042,0.92,0.018,47.2%
47300,0.69,0.31,0.038,0.004,0.926,0.032,47.3%
47400,0.52,0.48,0.026,0.016,0.906,0.052,47.4%
47500,0.36,0.64,0.056,0.024,0.902,0.018,47.5%
47600,0.24,0.76,0.048,0.05,0.868,0.034,47.6%
47700,0.36,0.64,0.046,0.032,0.892,0.03,47.7%
47800,0.57,0.43,0.028,0.038,0.916,0.018,47.8%
47900,0.53,0.47,0.028,0.018,0.942,0.012,47.9%
48000,0.59,0.41,0.012,0.012,0.952,0.024,48%
48100,0.34,0.66,0.034,0.034,0.922,0.01,48.1%
48200,0.64,0.36,0.014,0.022,0.934,0.03,48.2%
48300,0.48,0.52,0.008,0.01,0.95,0.032,48.3%
48400,0.5,0.5,0.008,0.03,0.926,0.036,48.4%
48500,0.47,0.53,0.018,0.014,0.908,0.06,48.5%
48600,0.56,0.44,0.018,0.016,0.942,0.024,48.6%
48700,0.83,0.17,0.036,0.01,0.908,0.046,48.7%
48800,0.38,0.62,0.024,0.032,0.914,0.03,48.8%
48900,0.48,0.52,0.018,0.06,0.912,0.01,48.9%
49000,0.68,0.32,0.008,0.026,0.95,0.016,49%
49100,0.45,0.55,0.09,0.016,0.868,0.026,49.1%
49200,0.55,0.45,0.04,0.028,0.906,0.026,49.2%
49300,0.58,0.42,0.018,0.02,0.944,0.018,49.3%
49400,0.59,0.41,0.044,0.014,0.914,0.028,49.4%
49500,0.49,0.51,0.06,0.088,0.798,0.054,49.5%
49600,0.6,0.4,0.022,0.032,0.902,0.044,49.6%
49700,0.58,0.42,0.024,0.052,0.918,0.006,49.7%
49800,0.52,0.48,0.018,0.014,0.914,0.054,49.8%
49900,0.62,0.38,0.01,0.068,0.91,0.012,49.9%
50000,0.36,0.64,0.064,0.024,0.894,0.018,50%
50100,0.45,0.55,0.024,0.024,0.89,0.062,50.1%
50200,0.52,0.48,0.028,0.03,0.904,0.038,50.2%
50300,0.56,0.44,0.044,0.02,0.866,0.07,50.3%
50400,0.53,0.47,0.038,0.046,0.892,0.024,50.4%
50500,0.52,0.48,0.012,0.01,0.966,0.012,50.5%
50600,0.49,0.51,0.054,0.056,0.854,0.036,50.6%
50700,0.67,0.33,0.028,0.034,0.932,0.006,50.7%
50800,0.59,0.41,0.044,0.028,0.92,0.008,50.8%
50900,0.33,0.67,0.012,0.048,0.914,0.026,50.9%
51000,0.51,0.49,0.024,0.04,0.92,0.016,51%
51100,0.5,0.5,0.026,0.078,0.89,0.006,51.1%
51200,0.44,0.56,0.028,0.016,0.932,0.024,51.2%
51300,0.45,0.55,0.008,0.034,0.936,0.022,51.3%
51400,0.43,0.57,0.016,0.07,0.87,0.044,51.4%
51500,0.45,0.55,0.01,0.026,0.932,0.032,51.5%
51600,0.54,0.46,0.05,0.038,0.894,0.018,51.6%
51700,0.63,0.37,0.012,0.006,0.978,0.004,51.7%
51800,0.45,0.55,0.042,0.018,0.93,0.01,51.8%
51900,0.49,0.51,0.002,0.026,0.962,0.01,51.9%
52000,0.77,0.23,0.038,0.012,0.902,0.048,52%
52100,0.61,0.39,0.012,0.03,0.922,0.036,52.1%
52200,0.45,0.55,0.014,0.048,0.92,0.018,52.2%
52300,0.48,0.52,0.014,0.026,0.936,0.024,52.3%
52400,0.58,0.42,0.018,0.02,0.924,0.038,52.4%
52500,0.49,0.51,0.044,0.028,0.858,0.07,52.5%
52600,0.54,0.46,0.052,0.03,0.884,0.034,52.6%
52700,0.47,0.53,0.028,0.01,0.906,0.056,52.7%
52800,0.53,0.47,0.06,0.046,0.864,0.03,52.8%
52900,0.63,0.37,0.02,0.018,0.958,0.004,52.9%
53000,0.56,0.44,0.028,0.026,0.914,0.032,53%
53100,0.63,0.37,0.038,0.018,0.94,0.004,53.1%
53200,0.58,0.42,0.026,0.008,0.958,0.008,53.2%
53300,0.55,0.45,0.038,0.022,0.918,0.022,53.3%
53400,0.43,0.57,0.03,0.014,0.922,0.034,53.4%
53500,0.52,0.48,0.022,0.02,0.952,0.006,53.5%
53600,0.65,0.35,0.032,0.034,0.916,0.018,53.6%
53700,0.58,0.42,0.014,0.03,0.946,0.01,53.7%
53800,0.52,0.48,0.018,0.06,0.896,0.026,53.8%
53900,0.46,0.54,0.014,0.03,0.934,0.022,53.9%
54000,0.3,0.7,0.054,0.044,0.872,0.03,54%
54100,0.48,0.52,0.04,0.014,0.894,0.052,54.1%
54200,0.46,0.54,0.024,0.07,0.884,0.022,54.2%
54300,0.48,0.52,0.026,0.018,0.942,0.014,54.3%
54400,0.67,0.33,0.03,0.106,0.848,0.016,54.4%
54500,0.59,0.41,0.022,0.032,0.92,0.026,54.5%
54600,0.56,0.44,0.074,0.004,0.92,0.002,54.6%
54700,0.49,0.51,0.02,0.054,0.888,0.038,54.7%
54800,0.62,0.38,0.064,0.026,0.888,0.022,54.8%
54900,0.33,0.67,0.03,0.032,0.9,0.038,54.9%
55000,0.63,0.37,0.016,0.024,0.928,0.032,55%
55100,0.63,0.37,0.024,0.016,0.936,0.024,55.1%
55200,0.42,0.58,0.03,0.052,0.886,0.032,55.2%
55300,0.59,0.41,0.014,0.014,0.926,0.046,55.3%
55400,0.57,0.43,0.05,0.012,0.906,0.032,55.4%
55500,0.49,0.51,0.018,0.026,0.94,0.016,55.5%
55600,0.6,0.4,0.01,0.028,0.888,0.074,55.6%
55700,0.43,0.57,0.008,0.048,0.924,0.02,55.7%
55800,0.48,0.52,0.036,0.012,0.946,0.006,55.8%
55900,0.54,0.46,0.02,0.01,0.966,0.004,55.9%
56000,0.36,0.64,0.084,0.028,0.878,0.01,56%
56100,0.34,0.66,0.012,0.012,0.97,0.006,56.1%
56200,0.54,0.46,0.012,0.05,0.906,0.032,56.2%
56300,0.54,0.46,0.042,0.032,0.904,0.022,56.3%
56400,0.48,0.52,0.034,0.012,0.938,0.016,56.4%
56500,0.55,0.45,0.018,0.026,0.922,0.034,56.5%
56600,0.59,0.41,0.016,0.05,0.908,0.026,56.6%
56700,0.54,0.46,0.026,0.032,0.942,0,56.7%
56800,0.66,0.34,0.044,0.024,0.922,0.01,56.8%
56900,0.43,0.57,0.026,0.024,0.926,0.024,56.9%
57000,0.38,0.62,0.038,0.002,0.922,0.038,57%
57100,0.73,0.27,0.014,0.016,0.952,0.018,57.1%
57200,0.21,0.79,0.028,0.012,0.924,0.036,57.2%
57300,0.31,0.69,0.008,0.034,0.922,0.036,57.3%
57400,0.5,0.5,0.008,0.018,0.956,0.018,57.4%
57500,0.35,0.65,0.018,0.018,0.942,0.022,57.5%
57600,0.47,0.53,0.016,0.032,0.898,0.054,57.6%
57700,0.43,0.57,0.02,0.034,0.926,0.02,57.7%
57800,0.73,0.27,0.024,0.016,0.946,0.014,57.8%
57900,0.41,0.59,0.036,0.018,0.926,0.02,57.9%
58000,0.44,0.56,0.058,0.018,0.892,0.032,58%
58100,0.34,0.66,0.022,0.02,0.938,0.02,58.1%
58200,0.68,0.32,0.018,0.032,0.928,0.022,58.2%
58300,0.55,0.45,0.03,0.014,0.948,0.008,58.3%
58400,0.63,0.37,0.022,0.016,0.946,0.016,58.4%
58500,0.25,0.75,0.024,0.026,0.93,0.02,58.5%
58600,0.58,0.42,0.032,0.022,0.934,0.012,58.6%
58700,0.62,0.38,0.022,0.02,0.946,0.012,58.7%
58800,0.53,0.47,0.018,0.018,0.952,0.012,58.8%
58900,0.51,0.49,0.048,0.036,0.898,0.018,58.9%
59000,0.63,0.37,0.006,0.018,0.96,0.016,59%
59100,0.47,0.53,0.016,0.052,0.914,0.018,59.1%
59200,0.34,0.66,0.026,0.01,0.94,0.024,59.2%
59300,0.56,0.44,0.038,0.014,0.914,0.034,59.3%
59400,0.46,0.54,0.008,0.04,0.938,0.014,59.4%
59500,0.55,0.45,0.036,0.016,0.922,0.026,59.5%
59600,0.65,0.35,0.02,0.046,0.922,0.012,59.6%
59700,0.58,0.42,0.018,0.006,0.956,0.02,59.7%
59800,0.48,0.52,0.008,0.014,0.954,0.024,59.8%
59900,0.44,0.56,0.014,0.022,0.932,0.032,59.9%
60000,0.62,0.38,0.004,0.026,0.936,0.034,60%
60100,0.5,0.5,0.014,0.026,0.936,0.024,60.1%
60200,0.61,0.39,0.018,0.012,0.944,0.026,60.2%
60300,0.72,0.28,0.012,0.012,0.956,0.02,60.3%
60400,0.58,0.42,0.038,0.012,0.928,0.022,60.4%
60500,0.44,0.56,0.03,0.036,0.888,0.046,60.5%
60600,0.59,0.41,0.036,0.026,0.922,0.016,60.6%
60700,0.57,0.43,0.034,0.024,0.928,0.014,60.7%
60800,0.35,0.65,0.038,0.012,0.916,0.034,60.8%
60900,0.24,0.76,0.066,0.018,0.888,0.028,60.9%
61000,0.37,0.63,0.014,0.036,0.88,0.07,61%
61100,0.52,0.48,0.024,0.026,0.938,0.012,61.1%
61200,0.49,0.51,0.05,0.036,0.884,0.03,61.2%
61300,0.51,0.49,0.024,0.034,0.926,0.016,61.3%
61400,0.44,0.56,0.014,0.028,0.944,0.014,61.4%
61500,0.61,0.39,0.014,0.034,0.922,0.03,61.5%
61600,0.52,0.48,0.026,0.026,0.928,0.02,61.6%
61700,0.63,0.37,0.016,0.03,0.914,0.04,61.7%
61800,0.45,0.55,0.018,0.002,0.954,0.026,61.8%
61900,0.41,0.59,0.016,0.024,0.936,0.024,61.9%
62000,0.45,0.55,0.016,0.03,0.9,0.054,62%
62100,0.39,0.61,0.004,0.006,0.968,0.022,62.1%
62200,0.47,0.53,0.02,0.036,0.91,0.034,62.2%
62300,0.38,0.62,0.034,0.01,0.922,0.034,62.3%
62400,0.54,0.46,0.022,0.014,0.938,0.026,62.4%
62500,0.66,0.34,0.028,0.026,0.92,0.026,62.5%
62600,0.59,0.41,0.01,0.016,0.942,0.032,62.6%
62700,0.57,0.43,0.022,0.064,0.91,0.004,62.7%
62800,0.36,0.64,0.052,0.024,0.9,0.024,62.8%
62900,0.39,0.61,0.028,0.022,0.92,0.03,62.9%
63000,0.55,0.45,0.034,0.006,0.93,0.03,63%
63100,0.68,0.32,0.02,0.04,0.85,0.09,63.1%
63200,0.32,0.68,0.026,0.05,0.908,0.016,63.2%
63300,0.48,0.52,0.026,0.04,0.92,0.014,63.3%
63400,0.55,0.45,0.006,0.02,0.928,0.046,63.4%
63500,0.41,0.59,0.024,0.018,0.898,0.06,63.5%
63600,0.56,0.44,0.044,0.034,0.902,0.02,63.6%
63700,0.5,0.5,0.044,0.004,0.952,0,63.7%
63800,0.61,0.39,0.014,0.026,0.916,0.044,63.8%
63900,0.52,0.48,0.01,0.05,0.93,0.01,63.9%
64000,0.45,0.55,0.006,0.036,0.938,0.02,64%
64100,0.66,0.34,0.042,0.024,0.902,0.032,64.1%
64200,0.55,0.45,0.042,0.024,0.902,0.032,64.2%
64300,0.54,0.46,0.022,0.032,0.932,0.014,64.3%
64400,0.69,0.31,0.018,0.032,0.924,0.026,64.4%
64500,0.43,0.57,0.032,0.02,0.924,0.024,64.5%
64600,0.58,0.42,0.03,0.016,0.946,0.008,64.6%
64700,0.72,0.28,0.014,0.042,0.934,0.01,64.7%
64800,0.68,0.32,0.02,0.036,0.884,0.06,64.8%
64900,0.58,0.42,0.038,0.032,0.908,0.022,64.9%
65000,0.51,0.49,0.074,0.022,0.888,0.016,65%
65100,0.48,0.52,0.022,0.054,0.914,0.01,65.1%
65200,0.42,0.58,0.034,0.018,0.918,0.03,65.2%
65300,0.47,0.53,0.016,0.002,0.958,0.024,65.3%
65400,0.6,0.4,0.018,0.024,0.95,0.008,65.4%
65500,0.49,0.51,0.048,0.016,0.872,0.064,65.5%
65600,0.5,0.5,0.012,0.026,0.928,0.034,65.6%
65700,0.48,0.52,0.052,0.042,0.894,0.012,65.7%
65800,0.61,0.39,0.026,0.038,0.926,0.01,65.8%
65900,0.56,0.44,0.016,0.018,0.946,0.02,65.9%
66000,0.57,0.43,0.022,0.024,0.94,0.014,66%
66100,0.51,0.49,0.038,0.084,0.85,0.028,66.1%
66200,0.65,0.35,0.008,0.02,0.96,0.012,66.2%
66300,0.76,0.24,0.028,0.012,0.946,0.014,66.3%
66400,0.54,0.46,0.018,0.006,0.966,0.01,66.4%
66500,0.66,0.34,0,0.03,0.938,0.032,66.5%
66600,0.32,0.68,0.038,0.012,0.908,0.042,66.6%
66700,0.49,0.51,0.034,0.016,0.914,0.036,66.7%
66800,0.65,0.35,0.032,0.014,0.932,0.022,66.8%
66900,0.41,0.59,0.004,0.016,0.904,0.076,66.9%
67000,0.61,0.39,0.006,0.014,0.97,0.01,67%
67100,0.51,0.49,0.03,0.022,0.926,0.022,67.1%
67200,0.54,0.46,0.026,0.018,0.938,0.018,67.2%
67300,0.46,0.54,0.014,0.016,0.912,0.058,67.3%
67400,0.55,0.45,0.038,0.024,0.93,0.008,67.4%
67500,0.6,0.4,0.036,0.024,0.914,0.026,67.5%
67600,0.54,0.46,0.022,0.034,0.92,0.024,67.6%
67700,0.67,0.33,0.076,0.006,0.9,0.018,67.7%
67800,0.6,0.4,0.02,0.02,0.926,0.034,67.8%
67900,0.41,0.59,0.018,0.01,0.938,0.034,67.9%
68000,0.59,0.41,0.024,0.024,0.916,0.036,68%
68100,0.58,0.42,0.068,0.03,0.89,0.012,68.1%
68200,0.6,0.4,0.014,0.03,0.936,0.02,68.2%
68300,0.52,0.48,0.02,0.014,0.958,0.008,68.3%
68400,0.42,0.58,0.034,0.016,0.94,0.01,68.4%
68500,0.33,0.67,0.004,0.056,0.91,0.03,68.5%
68600,0.3,0.7,0.018,0.014,0.942,0.026,68.6%
68700,0.64,0.36,0.04,0.014,0.922,0.024,68.7%
68800,0.62,0.38,0.022,0.012,0.95,0.016,68.8%
68900,0.55,0.45,0.016,0.054,0.91,0.02,68.9%
69000,0.63,0.37,0.026,0.07,0.872,0.032,69%
69100,0.57,0.43,0.022,0.02,0.936,0.022,69.1%
69200,0.72,0.28,0.034,0.032,0.874,0.06,69.2%
69300,0.55,0.45,0.02,0.044,0.902,0.034,69.3%
69400,0.67,0.33,0.042,0.032,0.902,0.024,69.4%
69500,0.49,0.51,0.038,0.066,0.856,0.04,69.5%
69600,0.5,0.5,0.018,0.022,0.926,0.034,69.6%
69700,0.74,0.26,0.002,0.014,0.952,0.032,69.7%
69800,0.61,0.39,0.03,0.012,0.936,0.022,69.8%
69900,0.35,0.65,0.034,0.05,0.87,0.046,69.9%
70000,0.6,0.4,0.042,0.07,0.846,0.042,70%
70100,0.53,0.47,0.032,0.02,0.914,0.034,70.1%
70200,0.39,0.61,0.008,0.062,0.9,0.03,70.2%
70300,0.43,0.57,0.04,0.048,0.892,0.02,70.3%
70400,0.69,0.31,0.018,0.024,0.934,0.024,70.4%
70500,0.69,0.31,0.056,0.044,0.882,0.018,70.5%
70600,0.52,0.48,0.012,0.004,0.944,0.04,70.6%
70700,0.29,0.71,0.03,0.018,0.936,0.016,70.7%
70800,0.57,0.43,0.004,0.034,0.946,0.016,70.8%
70900,0.49,0.51,0.02,0.018,0.916,0.046,70.9%
71000,0.69,0.31,0.05,0.038,0.892,0.02,71%
71100,0.44,0.56,0.024,0.02,0.936,0.02,71.1%
71200,0.61,0.39,0.014,0.018,0.954,0.014,71.2%
71300,0.49,0.51,0.02,0.022,0.92,0.038,71.3%
71400,0.47,0.53,0.01,0.026,0.952,0.012,71.4%
71500,0.46,0.54,0.012,0.012,0.944,0.032,71.5%
71600,0.71,0.29,0.008,0.012,0.968,0.012,71.6%
71700,0.54,0.46,0.018,0.014,0.916,0.052,71.7%
71800,0.37,0.63,0.012,0.036,0.934,0.018,71.8%
71900,0.7,0.3,0.018,0.01,0.96,0.012,71.9%
72000,0.53,0.47,0.024,0.006,0.942,0.028,72%
72100,0.45,0.55,0.048,0.012,0.912,0.028,72.1%
72200,0.33,0.67,0.034,0.024,0.92,0.022,72.2%
72300,0.61,0.39,0.032,0.018,0.932,0.018,72.3%
72400,0.57,0.43,0.024,0.028,0.928,0.02,72.4%
72500,0.52,0.48,0.01,0.016,0.952,0.022,72.5%
72600,0.62,0.38,0.024,0.014,0.932,0.03,72.6%
72700,0.68,0.32,0.03,0.006,0.926,0.038,72.7%
72800,0.66,0.34,0.022,0.026,0.938,0.014,72.8%
72900,0.56,0.44,0.032,0.026,0.894,0.048,72.9%
73000,0.65,0.35,0.032,0.018,0.894,0.056,73%
73100,0.42,0.58,0.024,0.024,0.946,0.006,73.1%
73200,0.4,0.6,0.044,0.032,0.89,0.034,73.2%
73300,0.52,0.48,0.016,0.052,0.892,0.04,73.3%
73400,0.61,0.39,0.034,0.042,0.878,0.046,73.4%
73500,0.55,0.45,0,0.034,0.948,0.018,73.5%
73600,0.67,0.33,0.046,0.02,0.918,0.016,73.6%
73700,0.48,0.52,0.04,0.01,0.942,0.008,73.7%
73800,0.32,0.68,0.012,0.014,0.946,0.028,73.8%
73900,0.44,0.56,0.078,0.04,0.866,0.016,73.9%
74000,0.43,0.57,0.012,0.014,0.958,0.016,74%
74100,0.59,0.41,0.026,0.032,0.922,0.02,74.1%
74200,0.53,0.47,0.02,0.024,0.946,0.01,74.2%
74300,0.55,0.45,0.018,0.026,0.94,0.016,74.3%
74400,0.45,0.55,0.014,0.012,0.924,0.05,74.4%
74500,0.63,0.37,0.054,0.042,0.874,0.03,74.5%
74600,0.38,0.62,0.042,0.028,0.89,0.04,74.6%
74700,0.51,0.49,0.046,0.032,0.914,0.008,74.7%
74800,0.44,0.56,0.012,0.042,0.914,0.032,74.8%
74900,0.37,0.63,0.028,0.016,0.91,0.046,74.9%
75000,0.74,0.26,0.036,0.026,0.912,0.026,75%
75100,0.56,0.44,0.026,0.032,0.92,0.022,75.1%
75200,0.54,0.46,0.052,0.038,0.792,0.118,75.2%
75300,0.67,0.33,0.014,0.004,0.954,0.028,75.3%
75400,0.47,0.53,0.01,0.016,0.96,0.014,75.4%
75500,0.45,0.55,0.03,0.038,0.9,0.032,75.5%
75600,0.49,0.51,0.028,0.022,0.936,0.014,75.6%
75700,0.54,0.46,0.024,0.018,0.924,0.034,75.7%
75800,0.49,0.51,0.022,0.038,0.918,0.022,75.8%
75900,0.45,0.55,0.04,0.026,0.902,0.032,75.9%
76000,0.61,0.39,0.034,0.024,0.876,0.066,76%
76100,0.58,0.42,0.022,0.024,0.948,0.006,76.1%
76200,0.7,0.3,0.02,0.054,0.91,0.016,76.2%
76300,0.42,0.58,0.006,0.018,0.946,0.03,76.3%
76400,0.59,0.41,0.028,0.022,0.936,0.014,76.4%
76500,0.46,0.54,0.046,0.016,0.922,0.016,76.5%
76600,0.51,0.49,0.052,0.036,0.898,0.014,76.6%
76700,0.66,0.34,0.03,0.038,0.912,0.02,76.7%
76800,0.47,0.53,0.03,0.012,0.934,0.024,76.8%
76900,0.51,0.49,0.042,0.014,0.888,0.056,76.9%
77000,0.39,0.61,0.014,0.082,0.878,0.026,77%
77100,0.66,0.34,0.014,0.01,0.96,0.016,77.1%
77200,0.62,0.38,0.02,0.024,0.92,0.036,77.2%
77300,0.71,0.29,0.014,0.016,0.95,0.02,77.3%
77400,0.48,0.52,0.022,0.016,0.928,0.034,77.4%
77500,0.4,0.6,0.046,0.034,0.906,0.014,77.5%
77600,0.56,0.44,0.048,0.02,0.902,0.03,77.6%
77700,0.5,0.5,0.026,0.028,0.902,0.044,77.7%
77800,0.34,0.66,0.022,0.026,0.926,0.026,77.8%
77900,0.46,0.54,0.018,0.008,0.968,0.006,77.9%
78000,0.47,0.53,0.036,0.024,0.916,0.024,78%
78100,0.33,0.67,0.066,0.056,0.85,0.028,78.1%
78200,0.58,0.42,0.008,0.018,0.954,0.02,78.2%
78300,0.52,0.48,0.048,0.034,0.866,0.052,78.3%
78400,0.53,0.47,0.01,0.04,0.888,0.062,78.4%
78500,0.37,0.63,0.012,0.03,0.93,0.028,78.5%
78600,0.56,0.44,0.026,0.018,0.932,0.024,78.6%
78700,0.44,0.56,0.028,0.048,0.878,0.046,78.7%
78800,0.6,0.4,0.012,0.022,0.92,0.046,78.8%
78900,0.58,0.42,0.054,0.032,0.884,0.03,78.9%
79000,0.46,0.54,0.07,0.02,0.868,0.042,79%
79100,0.63,0.37,0.062,0.036,0.89,0.012,79.1%
79200,0.39,0.61,0.026,0.026,0.924,0.024,79.2%
79300,0.43,0.57,0.02,0.008,0.958,0.014,79.3%
79400,0.5,0.5,0.04,0.048,0.864,0.048,79.4%
79500,0.54,0.46,0.014,0.026,0.92,0.04,79.5%
79600,0.5,0.5,0.016,0.02,0.95,0.014,79.6%
79700,0.4,0.6,0.032,0.024,0.914,0.03,79.7%
79800,0.58,0.42,0.016,0.02,0.932,0.032,79.8%
79900,0.63,0.37,0.016,0.064,0.854,0.066,79.9%
80000,0.46,0.54,0.016,0.024,0.936,0.024,80%
80100,0.55,0.45,0.04,0.014,0.922,0.024,80.1%
80200,0.51,0.49,0.014,0.032,0.93,0.024,80.2%
80300,0.7,0.3,0.016,0.016,0.964,0.004,80.3%
80400,0.49,0.51,0.014,0.028,0.938,0.02,80.4%
80500,0.51,0.49,0.038,0.026,0.892,0.044,80.5%
80600,0.56,0.44,0.034,0.026,0.906,0.034,80.6%
80700,0.79,0.21,0.024,0.012,0.91,0.054,80.7%
80800,0.44,0.56,0.028,0.044,0.92,0.008,80.8%
80900,0.51,0.49,0.014,0.008,0.944,0.034,80.9%
81000,0.49,0.51,0.034,0.036,0.912,0.018,81%
81100,0.54,0.46,0.038,0.044,0.882,0.036,81.1%
81200,0.42,0.58,0.042,0.016,0.896,0.046,81.2%
81300,0.56,0.44,0.026,0.024,0.928,0.022,81.3%
81400,0.72,0.28,0.022,0.032,0.914,0.032,81.4%
81500,0.38,0.62,0.048,0.062,0.848,0.042,81.5%
81600,0.59,0.41,0.028,0.036,0.918,0.018,81.6%
81700,0.63,0.37,0.026,0.016,0.946,0.012,81.7%
81800,0.6,0.4,0.01,0.006,0.974,0.01,81.8%
81900,0.69,0.31,0.022,0.014,0.942,0.022,81.9%
82000,0.65,0.35,0.026,0.002,0.96,0.012,82%
82100,0.4,0.6,0.044,0.01,0.93,0.016,82.1%
82200,0.58,0.42,0.012,0.038,0.932,0.018,82.2%
82300,0.67,0.33,0.022,0.01,0.944,0.024,82.3%
82400,0.7,0.3,0.02,0.018,0.956,0.006,82.4%
82500,0.57,0.43,0.03,0.028,0.92,0.022,82.5%
82600,0.44,0.56,0.018,0.014,0.952,0.016,82.6%
82700,0.73,0.27,0.026,0.012,0.958,0.004,82.7%
82800,0.66,0.34,0.026,0.01,0.96,0.004,82.8%
82900,0.55,0.45,0.016,0.012,0.94,0.032,82.9%
83000,0.57,0.43,0.012,0.034,0.938,0.016,83%
83100,0.72,0.28,0.03,0.012,0.922,0.036,83.1%
83200,0.45,0.55,0.016,0.036,0.934,0.014,83.2%
83300,0.41,0.59,0.016,0.024,0.928,0.032,83.3%
83400,0.37,0.63,0.038,0.012,0.904,0.046,83.4%
83500,0.51,0.49,0.02,0.014,0.946,0.02,83.5%
83600,0.4,0.6,0.026,0.012,0.928,0.034,83.6%
83700,0.51,0.49,0.028,0.038,0.926,0.008,83.7%
83800,0.36,0.64,0.04,0.038,0.912,0.01,83.8%
83900,0.53,0.47,0.022,0.01,0.95,0.018,83.9%
84000,0.63,0.37,0.01,0.046,0.926,0.018,84%
84100,0.56,0.44,0.038,0.004,0.944,0.014,84.1%
84200,0.43,0.57,0.028,0.038,0.906,0.028,84.2%
84300,0.51,0.49,0.03,0.072,0.844,0.054,84.3%
84400,0.57,0.43,0.028,0.01,0.946,0.016,84.4%
84500,0.65,0.35,0.018,0.024,0.908,0.05,84.5%
84600,0.49,0.51,0.018,0.03,0.94,0.012,84.6%
84700,0.53,0.47,0.036,0.03,0.888,0.046,84.7%
84800,0.47,0.53,0.01,0.006,0.944,0.04,84.8%
84900,0.48,0.52,0.034,0.012,0.918,0.036,84.9%
85000,0.52,0.48,0.012,0.058,0.912,0.018,85%
85100,0.49,0.51,0.012,0.03,0.952,0.006,85.1%
85200,0.61,0.39,0.02,0.01,0.948,0.022,85.2%
85300,0.44,0.56,0.026,0.034,0.904,0.036,85.3%
85400,0.6,0.4,0.022,0.04,0.908,0.03,85.4%
85500,0.5,0.5,0.052,0.022,0.894,0.032,85.5%
85600,0.66,0.34,0.018,0.008,0.956,0.018,85.6%
85700,0.37,0.63,0.01,0.01,0.966,0.014,85.7%
85800,0.68,0.32,0.022,0.034,0.932,0.012,85.8%
85900,0.48,0.52,0.008,0.05,0.906,0.036,85.9%
86000,0.37,0.63,0.02,0.05,0.91,0.02,86%
86100,0.43,0.57,0.04,0.018,0.888,0.054,86.1%
86200,0.58,0.42,0.054,0.02,0.894,0.032,86.2%
86300,0.35,0.65,0.044,0.03,0.908,0.018,86.3%
86400,0.44,0.56,0.026,0.01,0.928,0.036,86.4%
86500,0.3,0.7,0.006,0.012,0.964,0.018,86.5%
86600,0.55,0.45,0.016,0.018,0.95,0.016,86.6%
86700,0.54,0.46,0.026,0.024,0.902,0.048,86.7%
86800,0.57,0.43,0.044,0.026,0.894,0.036,86.8%
86900,0.48,0.52,0.028,0.016,0.926,0.03,86.9%
87000,0.57,0.43,0.036,0.014,0.926,0.024,87%
87100,0.53,0.47,0.022,0.034,0.932,0.012,87.1%
87200,0.31,0.69,0.036,0.024,0.916,0.024,87.2%
87300,0.68,0.32,0.002,0.024,0.928,0.046,87.3%
87400,0.38,0.62,0.01,0.036,0.92,0.034,87.4%
87500,0.49,0.51,0.034,0.018,0.916,0.032,87.5%
87600,0.51,0.49,0.04,0.048,0.89,0.022,87.6%
87700,0.55,0.45,0.038,0.038,0.9,0.024,87.7%
87800,0.6,0.4,0.03,0.068,0.876,0.026,87.8%
87900,0.7,0.3,0.024,0.02,0.938,0.018,87.9%
88000,0.38,0.62,0.05,0.012,0.922,0.016,88%
88100,0.62,0.38,0.012,0.054,0.924,0.01,88.1%
88200,0.49,0.51,0.02,0.014,0.946,0.02,88.2%
88300,0.46,0.54,0,0.018,0.954,0.028,88.3%
88400,0.58,0.42,0.02,0.04,0.916,0.024,88.4%
88500,0.54,0.46,0.038,0.066,0.864,0.032,88.5%
88600,0.53,0.47,0.03,0.05,0.892,0.028,88.6%
88700,0.66,0.34,0.006,0.028,0.934,0.032,88.7%
88800,0.63,0.37,0.03,0.006,0.94,0.024,88.8%
88900,0.51,0.49,0.016,0.02,0.946,0.018,88.9%
89000,0.59,0.41,0.02,0.002,0.948,0.03,89%
89100,0.45,0.55,0.05,0.042,0.894,0.014,89.1%
89200,0.65,0.35,0.038,0.026,0.888,0.048,89.2%
89300,0.47,0.53,0.046,0.006,0.886,0.062,89.3%
89400,0.67,0.33,0.024,0.012,0.946,0.018,89.4%
89500,0.5,0.5,0.02,0.032,0.91,0.038,89.5%
89600,0.67,0.33,0.022,0.034,0.934,0.01,89.6%
89700,0.57,0.43,0.024,0.022,0.906,0.048,89.7%
89800,0.53,0.47,0.03,0.012,0.934,0.024,89.8%
89900,0.43,0.57,0.016,0.044,0.918,0.022,89.9%
90000,0.55,0.45,0.026,0.014,0.912,0.048,90%
90100,0.55,0.45,0.024,0.092,0.862,0.022,90.1%
90200,0.79,0.21,0.016,0.03,0.918,0.036,90.2%
90300,0.71,0.29,0.012,0.008,0.958,0.022,90.3%
90400,0.56,0.44,0.036,0.022,0.908,0.034,90.4%
90500,0.56,0.44,0.022,0.048,0.92,0.01,90.5%
90600,0.58,0.42,0.008,0.03,0.95,0.012,90.6%
90700,0.66,0.34,0.016,0.054,0.912,0.018,90.7%
90800,0.57,0.43,0.024,0.028,0.93,0.018,90.8%
90900,0.38,0.62,0.026,0.026,0.92,0.028,90.9%
91000,0.54,0.46,0.044,0.01,0.912,0.034,91%
91100,0.38,0.62,0.05,0.014,0.918,0.018,91.1%
91200,0.54,0.46,0.02,0.022,0.91,0.048,91.2%
91300,0.49,0.51,0.018,0.03,0.92,0.032,91.3%
91400,0.5,0.5,0.022,0.016,0.936,0.026,91.4%
91500,0.56,0.44,0.018,0.03,0.924,0.028,91.5%
91600,0.53,0.47,0.006,0.034,0.906,0.054,91.6%
91700,0.38,0.62,0.01,0.024,0.922,0.044,91.7%
91800,0.35,0.65,0.03,0.038,0.91,0.022,91.8%
91900,0.55,0.45,0.028,0.02,0.916,0.036,91.9%
92000,0.65,0.35,0.01,0.042,0.914,0.034,92%
92100,0.41,0.59,0.012,0.016,0.942,0.03,92.1%
92200,0.74,0.26,0.03,0.016,0.918,0.036,92.2%
92300,0.42,0.58,0.028,0.052,0.904,0.016,92.3%
92400,0.47,0.53,0.018,0.038,0.926,0.018,92.4%
92500,0.52,0.48,0.028,0.012,0.952,0.008,92.5%
92600,0.71,0.29,0.002,0.018,0.966,0.014,92.6%
92700,0.67,0.33,0.012,0.03,0.952,0.006,92.7%
92800,0.48,0.52,0.012,0.044,0.92,0.024,92.8%
92900,0.62,0.38,0.022,0.036,0.918,0.024,92.9%
93000,0.61,0.39,0.032,0.068,0.846,0.054,93%
93100,0.59,0.41,0.022,0.01,0.952,0.016,93.1%
93200,0.62,0.38,0.038,0.038,0.864,0.06,93.2%
93300,0.35,0.65,0.024,0.042,0.894,0.04,93.3%
93400,0.77,0.23,0.032,0.018,0.916,0.034,93.4%
93500,0.55,0.45,0.046,0.03,0.898,0.026,93.5%
93600,0.42,0.58,0.044,0.032,0.89,0.034,93.6%
93700,0.41,0.59,0.01,0.042,0.934,0.014,93.7%
93800,0.43,0.57,0.036,0.014,0.946,0.004,93.8%
93900,0.48,0.52,0.03,0.022,0.926,0.022,93.9%
94000,0.41,0.59,0.044,0.038,0.902,0.016,94%
94100,0.41,0.59,0.042,0.02,0.912,0.026,94.1%
94200,0.49,0.51,0.046,0.02,0.904,0.03,94.2%
94300,0.49,0.51,0.028,0.036,0.914,0.022,94.3%
94400,0.67,0.33,0.022,0.012,0.922,0.044,94.4%
94500,0.58,0.42,0.064,0.012,0.894,0.03,94.5%
94600,0.5,0.5,0.018,0.068,0.89,0.024,94.6%
94700,0.52,0.48,0.02,0.008,0.96,0.012,94.7%
94800,0.7,0.3,0.028,0.004,0.942,0.026,94.8%
94900,0.4,0.6,0.01,0.04,0.932,0.018,94.9%
95000,0.62,0.38,0.044,0.016,0.92,0.02,95%
95100,0.63,0.37,0.024,0.022,0.93,0.024,95.1%
95200,0.59,0.41,0.048,0.04,0.886,0.026,95.2%
95300,0.53,0.47,0.048,0.012,0.932,0.008,95.3%
95400,0.28,0.72,0.002,0.008,0.938,0.052,95.4%
95500,0.79,0.21,0.014,0.024,0.902,0.06,95.5%
95600,0.46,0.54,0.04,0.034,0.918,0.008,95.6%
95700,0.63,0.37,0.022,0.032,0.908,0.038,95.7%
95800,0.55,0.45,0.028,0.016,0.946,0.01,95.8%
95900,0.61,0.39,0.042,0.024,0.918,0.016,95.9%
96000,0.49,0.51,0.012,0.02,0.96,0.008,96%
96100,0.48,0.52,0.044,0.036,0.902,0.018,96.1%
96200,0.43,0.57,0.024,0.028,0.934,0.014,96.2%
96300,0.45,0.55,0.01,0.052,0.91,0.028,96.3%
96400,0.44,0.56,0.016,0.03,0.942,0.012,96.4%
96500,0.66,0.34,0.022,0.022,0.934,0.022,96.5%
96600,0.59,0.41,0.034,0.02,0.92,0.026,96.6%
96700,0.33,0.67,0.058,0.02,0.89,0.032,96.7%
96800,0.56,0.44,0.034,0.016,0.922,0.028,96.8%
96900,0.58,0.42,0.038,0.004,0.926,0.032,96.9%
97000,0.59,0.41,0.018,0.016,0.95,0.016,97%
97100,0.66,0.34,0.03,0.036,0.922,0.012,97.1%
97200,0.44,0.56,0.016,0.044,0.926,0.014,97.2%
97300,0.69,0.31,0.014,0.016,0.932,0.038,97.3%
97400,0.63,0.37,0.022,0.054,0.914,0.01,97.4%
97500,0.49,0.51,0.064,0.024,0.848,0.064,97.5%
97600,0.45,0.55,0.008,0.038,0.932,0.022,97.6%
97700,0.7,0.3,0.03,0.01,0.952,0.008,97.7%
97800,0.47,0.53,0.024,0.03,0.902,0.044,97.8%
97900,0.58,0.42,0.038,0.028,0.898,0.036,97.9%
98000,0.63,0.37,0.018,0.02,0.918,0.044,98%
98100,0.47,0.53,0.022,0.046,0.922,0.01,98.1%
98200,0.58,0.42,0.012,0.008,0.968,0.012,98.2%
98300,0.65,0.35,0.016,0.038,0.94,0.006,98.3%
98400,0.4,0.6,0.002,0.028,0.944,0.026,98.4%
98500,0.47,0.53,0.1,0.052,0.838,0.01,98.5%
98600,0.36,0.64,0.022,0.024,0.92,0.034,98.6%
98700,0.53,0.47,0.026,0.024,0.934,0.016,98.7%
98800,0.52,0.48,0.064,0.042,0.86,0.034,98.8%
98900,0.47,0.53,0.026,0.01,0.958,0.006,98.9%
99000,0.34,0.66,0.026,0.032,0.892,0.05,99%
99100,0.57,0.43,0.01,0.034,0.914,0.042,99.1%
99200,0.75,0.25,0.016,0.02,0.942,0.022,99.2%
99300,0.6,0.4,0.034,0.026,0.866,0.074,99.3%
99400,0.53,0.47,0.002,0.032,0.926,0.04,99.4%
99500,0.31,0.69,0.012,0.036,0.904,0.048,99.5%
99600,0.54,0.46,0.03,0.008,0.93,0.032,99.6%
99700,0.68,0.32,0.024,0.042,0.898,0.036,99.7%
99800,0.47,0.53,0.072,0.03,0.87,0.028,99.8%
99900,0.38,0.62,0.056,0.026,0.888,0.03,99.9%
100000,0.58,0.42,0.014,0.022,0.952,0.012,100%
